,Node20,Node68,Node99,Node23,Node83
Node20,0.0,0.890625,0.0,0.3125,0.5
Node68,0.890625,0.0,0.875,0.7916666666666666,0.25
Node99,0.0,0.875,0.0,0.4375,0.0
Node23,0.3125,0.7916666666666666,0.4375,0.0,0.3125
Node83,0.5,0.25,0.0,0.3125,0.0
